model,augmentation,phase,epoch,loss,accuracy,date,transformations
,random_9_operations,train,1,0.3911417385935783,0.8216880416870117,2024-07-12 18:49:58.792694,[None 'horizontal_flip' 'vertical_flip' 'rotation' 'transpose' 'elastic_transformation' 'grid_distortion' 'optical_distortion' 'color_transfer' 'inpainting']
,random_9_operations,test,1,0.3773687681555748,0.8134926223754883,2024-07-12 18:49:58.797798,[None 'horizontal_flip' 'vertical_flip' 'rotation' 'transpose' 'elastic_transformation' 'grid_distortion' 'optical_distortion' 'color_transfer' 'inpainting']
,random_9_operations,train,2,0.41028837457299233,0.8097573852539063,2024-07-12 19:28:29.669152,[None 'horizontal_flip' 'vertical_flip' 'rotation' 'transpose' 'elastic_transformation' 'grid_distortion' 'optical_distortion' 'color_transfer' 'inpainting']
,random_9_operations,test,2,0.37862502872943876,0.8249324798583985,2024-07-12 19:28:29.671153,[None 'horizontal_flip' 'vertical_flip' 'rotation' 'transpose' 'elastic_transformation' 'grid_distortion' 'optical_distortion' 'color_transfer' 'inpainting']
,random_9_operations,train,3,0.411872306317091,0.8120107650756836,2024-07-12 20:06:05.136933,[None 'horizontal_flip' 'vertical_flip' 'rotation' 'transpose' 'elastic_transformation' 'grid_distortion' 'optical_distortion' 'color_transfer' 'inpainting']
,random_9_operations,test,3,0.39785835295915606,0.8119515991210937,2024-07-12 20:06:05.138934,[None 'horizontal_flip' 'vertical_flip' 'rotation' 'transpose' 'elastic_transformation' 'grid_distortion' 'optical_distortion' 'color_transfer' 'inpainting']
,random_9_operations,train,4,0.4041717718541622,0.8166437149047852,2024-07-12 20:45:51.760559,[None 'horizontal_flip' 'vertical_flip' 'rotation' 'transpose' 'elastic_transformation' 'grid_distortion' 'optical_distortion' 'color_transfer' 'inpainting']
,random_9_operations,test,4,0.3937590691447258,0.8136997985839843,2024-07-12 20:45:51.762557,[None 'horizontal_flip' 'vertical_flip' 'rotation' 'transpose' 'elastic_transformation' 'grid_distortion' 'optical_distortion' 'color_transfer' 'inpainting']
,random_9_operations,train,5,0.40258027613162994,0.8175376510620117,2024-07-12 21:24:12.858056,[None 'horizontal_flip' 'vertical_flip' 'rotation' 'transpose' 'elastic_transformation' 'grid_distortion' 'optical_distortion' 'color_transfer' 'inpainting']
,random_9_operations,test,5,0.3740034876763821,0.8268075942993164,2024-07-12 21:24:12.860147,[None 'horizontal_flip' 'vertical_flip' 'rotation' 'transpose' 'elastic_transformation' 'grid_distortion' 'optical_distortion' 'color_transfer' 'inpainting']
,random_9_operations,train,6,0.3783734558522701,0.8323397827148438,2024-07-12 22:03:49.282459,[None 'horizontal_flip' 'vertical_flip' 'rotation' 'transpose' 'elastic_transformation' 'grid_distortion' 'optical_distortion' 'color_transfer' 'inpainting']
,random_9_operations,test,6,0.36981078535318374,0.826017837524414,2024-07-12 22:03:49.285555,[None 'horizontal_flip' 'vertical_flip' 'rotation' 'transpose' 'elastic_transformation' 'grid_distortion' 'optical_distortion' 'color_transfer' 'inpainting']
,random_9_operations,train,7,0.40562066838145255,0.8160046768188477,2024-07-12 22:42:16.903065,[None 'horizontal_flip' 'vertical_flip' 'rotation' 'transpose' 'elastic_transformation' 'grid_distortion' 'optical_distortion' 'color_transfer' 'inpainting']
,random_9_operations,test,7,0.3826170462369919,0.8159305953979492,2024-07-12 22:42:16.905355,[None 'horizontal_flip' 'vertical_flip' 'rotation' 'transpose' 'elastic_transformation' 'grid_distortion' 'optical_distortion' 'color_transfer' 'inpainting']
,random_9_operations,train,8,0.39344108164310454,0.8237784957885742,2024-07-12 23:20:43.852282,[None 'horizontal_flip' 'vertical_flip' 'rotation' 'transpose' 'elastic_transformation' 'grid_distortion' 'optical_distortion' 'color_transfer' 'inpainting']
,random_9_operations,test,8,0.37543326333165167,0.8229421615600586,2024-07-12 23:20:43.864431,[None 'horizontal_flip' 'vertical_flip' 'rotation' 'transpose' 'elastic_transformation' 'grid_distortion' 'optical_distortion' 'color_transfer' 'inpainting']
,random_9_operations,train,9,0.3938022807240486,0.8250447845458985,2024-07-12 23:58:35.746351,[None 'horizontal_flip' 'vertical_flip' 'rotation' 'transpose' 'elastic_transformation' 'grid_distortion' 'optical_distortion' 'color_transfer' 'inpainting']
,random_9_operations,test,9,0.3764104272425175,0.8222626876831055,2024-07-12 23:58:35.749443,[None 'horizontal_flip' 'vertical_flip' 'rotation' 'transpose' 'elastic_transformation' 'grid_distortion' 'optical_distortion' 'color_transfer' 'inpainting']
ORCA_512x512__Size-512x512_Epoch-10_Images-100_Batch-1__random_9_operations_all.pth,random_9_operations,train,10,0.3790971919894218,0.8283436965942382,2024-07-13 00:40:41.415099,[None 'horizontal_flip' 'vertical_flip' 'rotation' 'transpose' 'elastic_transformation' 'grid_distortion' 'optical_distortion' 'color_transfer' 'inpainting']
ORCA_512x512__Size-512x512_Epoch-10_Images-100_Batch-1__random_9_operations_all.pth,random_9_operations,test,10,0.3780843487381935,0.8198185348510743,2024-07-13 00:40:41.421328,[None 'horizontal_flip' 'vertical_flip' 'rotation' 'transpose' 'elastic_transformation' 'grid_distortion' 'optical_distortion' 'color_transfer' 'inpainting']
ORCA_512x512__Size-512x512_Epoch-10_Images-100_Batch-1__random_9_operations_all.pth,random_9_operations,train,11,0.38329758778214457,0.825259895324707,2024-07-13 01:19:16.605244,[None 'horizontal_flip' 'vertical_flip' 'rotation' 'transpose' 'elastic_transformation' 'grid_distortion' 'optical_distortion' 'color_transfer' 'inpainting']
ORCA_512x512__Size-512x512_Epoch-10_Images-100_Batch-1__random_9_operations_all.pth,random_9_operations,test,11,0.3655954572558403,0.8329251098632813,2024-07-13 01:19:16.608244,[None 'horizontal_flip' 'vertical_flip' 'rotation' 'transpose' 'elastic_transformation' 'grid_distortion' 'optical_distortion' 'color_transfer' 'inpainting']
ORCA_512x512__Size-512x512_Epoch-10_Images-100_Batch-1__random_9_operations_all.pth,random_9_operations,train,12,0.3861680310964584,0.8278468322753906,2024-07-13 01:58:15.251555,[None 'horizontal_flip' 'vertical_flip' 'rotation' 'transpose' 'elastic_transformation' 'grid_distortion' 'optical_distortion' 'color_transfer' 'inpainting']
ORCA_512x512__Size-512x512_Epoch-10_Images-100_Batch-1__random_9_operations_all.pth,random_9_operations,test,12,0.38847119837999344,0.8144435501098632,2024-07-13 01:58:15.253556,[None 'horizontal_flip' 'vertical_flip' 'rotation' 'transpose' 'elastic_transformation' 'grid_distortion' 'optical_distortion' 'color_transfer' 'inpainting']
ORCA_512x512__Size-512x512_Epoch-10_Images-100_Batch-1__random_9_operations_all.pth,random_9_operations,train,13,0.3920448049902916,0.8255311965942382,2024-07-13 02:38:08.358994,[None 'horizontal_flip' 'vertical_flip' 'rotation' 'transpose' 'elastic_transformation' 'grid_distortion' 'optical_distortion' 'color_transfer' 'inpainting']
ORCA_512x512__Size-512x512_Epoch-10_Images-100_Batch-1__random_9_operations_all.pth,random_9_operations,test,13,0.37788262382149695,0.8257148742675782,2024-07-13 02:38:08.360997,[None 'horizontal_flip' 'vertical_flip' 'rotation' 'transpose' 'elastic_transformation' 'grid_distortion' 'optical_distortion' 'color_transfer' 'inpainting']
ORCA_512x512__Size-512x512_Epoch-10_Images-100_Batch-1__random_9_operations_all.pth,random_9_operations,train,14,0.3737597028911114,0.8349108505249023,2024-07-13 03:15:55.881971,[None 'horizontal_flip' 'vertical_flip' 'rotation' 'transpose' 'elastic_transformation' 'grid_distortion' 'optical_distortion' 'color_transfer' 'inpainting']
ORCA_512x512__Size-512x512_Epoch-10_Images-100_Batch-1__random_9_operations_all.pth,random_9_operations,test,14,0.36403510347008705,0.8332685470581055,2024-07-13 03:15:55.883971,[None 'horizontal_flip' 'vertical_flip' 'rotation' 'transpose' 'elastic_transformation' 'grid_distortion' 'optical_distortion' 'color_transfer' 'inpainting']
ORCA_512x512__Size-512x512_Epoch-10_Images-100_Batch-1__random_9_operations_all.pth,random_9_operations,train,15,0.38037184447050093,0.8283248519897461,2024-07-13 03:53:40.868863,[None 'horizontal_flip' 'vertical_flip' 'rotation' 'transpose' 'elastic_transformation' 'grid_distortion' 'optical_distortion' 'color_transfer' 'inpainting']
ORCA_512x512__Size-512x512_Epoch-10_Images-100_Batch-1__random_9_operations_all.pth,random_9_operations,test,15,0.37377831429243086,0.8231821823120117,2024-07-13 03:53:40.871864,[None 'horizontal_flip' 'vertical_flip' 'rotation' 'transpose' 'elastic_transformation' 'grid_distortion' 'optical_distortion' 'color_transfer' 'inpainting']
ORCA_512x512__Size-512x512_Epoch-10_Images-100_Batch-1__random_9_operations_all.pth,random_9_operations,train,16,0.38049299478530885,0.8291249084472656,2024-07-13 04:32:26.081480,[None 'horizontal_flip' 'vertical_flip' 'rotation' 'transpose' 'elastic_transformation' 'grid_distortion' 'optical_distortion' 'color_transfer' 'inpainting']
ORCA_512x512__Size-512x512_Epoch-10_Images-100_Batch-1__random_9_operations_all.pth,random_9_operations,test,16,0.3645923537015915,0.8295245742797852,2024-07-13 04:32:26.083480,[None 'horizontal_flip' 'vertical_flip' 'rotation' 'transpose' 'elastic_transformation' 'grid_distortion' 'optical_distortion' 'color_transfer' 'inpainting']
ORCA_512x512__Size-512x512_Epoch-10_Images-100_Batch-1__random_9_operations_all.pth,random_9_operations,train,17,0.3719989290833473,0.8337629699707031,2024-07-13 05:12:42.023206,[None 'horizontal_flip' 'vertical_flip' 'rotation' 'transpose' 'elastic_transformation' 'grid_distortion' 'optical_distortion' 'color_transfer' 'inpainting']
ORCA_512x512__Size-512x512_Epoch-10_Images-100_Batch-1__random_9_operations_all.pth,random_9_operations,test,17,0.36407832980155946,0.8319889450073242,2024-07-13 05:12:42.025207,[None 'horizontal_flip' 'vertical_flip' 'rotation' 'transpose' 'elastic_transformation' 'grid_distortion' 'optical_distortion' 'color_transfer' 'inpainting']
ORCA_512x512__Size-512x512_Epoch-10_Images-100_Batch-1__random_9_operations_all.pth,random_9_operations,train,18,0.38209643721580505,0.8278928375244141,2024-07-13 05:51:27.713125,[None 'horizontal_flip' 'vertical_flip' 'rotation' 'transpose' 'elastic_transformation' 'grid_distortion' 'optical_distortion' 'color_transfer' 'inpainting']
ORCA_512x512__Size-512x512_Epoch-10_Images-100_Batch-1__random_9_operations_all.pth,random_9_operations,test,18,0.35809802651405337,0.8330110549926758,2024-07-13 05:51:27.716123,[None 'horizontal_flip' 'vertical_flip' 'rotation' 'transpose' 'elastic_transformation' 'grid_distortion' 'optical_distortion' 'color_transfer' 'inpainting']
ORCA_512x512__Size-512x512_Epoch-10_Images-100_Batch-1__random_9_operations_all.pth,random_9_operations,train,19,0.3697542157769203,0.833117446899414,2024-07-13 06:29:05.643112,[None 'horizontal_flip' 'vertical_flip' 'rotation' 'transpose' 'elastic_transformation' 'grid_distortion' 'optical_distortion' 'color_transfer' 'inpainting']
ORCA_512x512__Size-512x512_Epoch-10_Images-100_Batch-1__random_9_operations_all.pth,random_9_operations,test,19,0.35746563255786895,0.8332974624633789,2024-07-13 06:29:05.643112,[None 'horizontal_flip' 'vertical_flip' 'rotation' 'transpose' 'elastic_transformation' 'grid_distortion' 'optical_distortion' 'color_transfer' 'inpainting']
ORCA_512x512__Size-512x512_Epoch-20_Images-100_Batch-1__random_9_operations_all.pth,random_9_operations,train,20,0.37265327557921407,0.8326779556274414,2024-07-13 07:07:39.095007,[None 'horizontal_flip' 'vertical_flip' 'rotation' 'transpose' 'elastic_transformation' 'grid_distortion' 'optical_distortion' 'color_transfer' 'inpainting']
ORCA_512x512__Size-512x512_Epoch-20_Images-100_Batch-1__random_9_operations_all.pth,random_9_operations,test,20,0.3664085330069065,0.8279910278320313,2024-07-13 07:07:39.095007,[None 'horizontal_flip' 'vertical_flip' 'rotation' 'transpose' 'elastic_transformation' 'grid_distortion' 'optical_distortion' 'color_transfer' 'inpainting']
ORCA_512x512__Size-512x512_Epoch-20_Images-100_Batch-1__random_9_operations_all.pth,random_9_operations,train,21,0.35267256990075113,0.8427314758300781,2024-07-13 07:46:21.915761,[None 'horizontal_flip' 'vertical_flip' 'rotation' 'transpose' 'elastic_transformation' 'grid_distortion' 'optical_distortion' 'color_transfer' 'inpainting']
ORCA_512x512__Size-512x512_Epoch-20_Images-100_Batch-1__random_9_operations_all.pth,random_9_operations,test,21,0.36163693994283674,0.8299180221557617,2024-07-13 07:46:21.918761,[None 'horizontal_flip' 'vertical_flip' 'rotation' 'transpose' 'elastic_transformation' 'grid_distortion' 'optical_distortion' 'color_transfer' 'inpainting']
ORCA_512x512__Size-512x512_Epoch-20_Images-100_Batch-1__random_9_operations_all.pth,random_9_operations,train,22,0.3658544594049454,0.8320404052734375,2024-07-13 08:24:07.642203,[None 'horizontal_flip' 'vertical_flip' 'rotation' 'transpose' 'elastic_transformation' 'grid_distortion' 'optical_distortion' 'color_transfer' 'inpainting']
ORCA_512x512__Size-512x512_Epoch-20_Images-100_Batch-1__random_9_operations_all.pth,random_9_operations,test,22,0.3679667793214321,0.8246212005615234,2024-07-13 08:24:07.642203,[None 'horizontal_flip' 'vertical_flip' 'rotation' 'transpose' 'elastic_transformation' 'grid_distortion' 'optical_distortion' 'color_transfer' 'inpainting']
ORCA_512x512__Size-512x512_Epoch-20_Images-100_Batch-1__random_9_operations_all.pth,random_9_operations,train,23,0.37031838193535804,0.832013168334961,2024-07-13 09:02:26.453069,[None 'horizontal_flip' 'vertical_flip' 'rotation' 'transpose' 'elastic_transformation' 'grid_distortion' 'optical_distortion' 'color_transfer' 'inpainting']
ORCA_512x512__Size-512x512_Epoch-20_Images-100_Batch-1__random_9_operations_all.pth,random_9_operations,test,23,0.35564296811819074,0.8318862533569336,2024-07-13 09:02:26.455068,[None 'horizontal_flip' 'vertical_flip' 'rotation' 'transpose' 'elastic_transformation' 'grid_distortion' 'optical_distortion' 'color_transfer' 'inpainting']
ORCA_512x512__Size-512x512_Epoch-20_Images-100_Batch-1__random_9_operations_all.pth,random_9_operations,train,24,0.3779286368191242,0.8280471801757813,2024-07-13 09:41:14.078579,[None 'horizontal_flip' 'vertical_flip' 'rotation' 'transpose' 'elastic_transformation' 'grid_distortion' 'optical_distortion' 'color_transfer' 'inpainting']
ORCA_512x512__Size-512x512_Epoch-20_Images-100_Batch-1__random_9_operations_all.pth,random_9_operations,test,24,0.3609951749444008,0.829816665649414,2024-07-13 09:41:14.078579,[None 'horizontal_flip' 'vertical_flip' 'rotation' 'transpose' 'elastic_transformation' 'grid_distortion' 'optical_distortion' 'color_transfer' 'inpainting']
ORCA_512x512__Size-512x512_Epoch-20_Images-100_Batch-1__random_9_operations_all.pth,random_9_operations,train,25,0.3535263930261135,0.8433794784545898,2024-07-13 10:18:55.552776,[None 'horizontal_flip' 'vertical_flip' 'rotation' 'transpose' 'elastic_transformation' 'grid_distortion' 'optical_distortion' 'color_transfer' 'inpainting']
ORCA_512x512__Size-512x512_Epoch-20_Images-100_Batch-1__random_9_operations_all.pth,random_9_operations,test,25,0.35341678753495215,0.8345902633666992,2024-07-13 10:18:55.552776,[None 'horizontal_flip' 'vertical_flip' 'rotation' 'transpose' 'elastic_transformation' 'grid_distortion' 'optical_distortion' 'color_transfer' 'inpainting']
ORCA_512x512__Size-512x512_Epoch-20_Images-100_Batch-1__random_9_operations_all.pth,random_9_operations,train,26,0.3610169196128845,0.8385166931152344,2024-07-13 11:00:59.734210,[None 'horizontal_flip' 'vertical_flip' 'rotation' 'transpose' 'elastic_transformation' 'grid_distortion' 'optical_distortion' 'color_transfer' 'inpainting']
ORCA_512x512__Size-512x512_Epoch-20_Images-100_Batch-1__random_9_operations_all.pth,random_9_operations,test,26,0.3456529900431633,0.838808937072754,2024-07-13 11:00:59.737211,[None 'horizontal_flip' 'vertical_flip' 'rotation' 'transpose' 'elastic_transformation' 'grid_distortion' 'optical_distortion' 'color_transfer' 'inpainting']
ORCA_512x512__Size-512x512_Epoch-20_Images-100_Batch-1__random_9_operations_all.pth,random_9_operations,train,27,0.3434839831292629,0.848162612915039,2024-07-13 11:46:08.851808,[None 'horizontal_flip' 'vertical_flip' 'rotation' 'transpose' 'elastic_transformation' 'grid_distortion' 'optical_distortion' 'color_transfer' 'inpainting']
ORCA_512x512__Size-512x512_Epoch-20_Images-100_Batch-1__random_9_operations_all.pth,random_9_operations,test,27,0.37481800764799117,0.8202222061157226,2024-07-13 11:46:08.856807,[None 'horizontal_flip' 'vertical_flip' 'rotation' 'transpose' 'elastic_transformation' 'grid_distortion' 'optical_distortion' 'color_transfer' 'inpainting']
ORCA_512x512__Size-512x512_Epoch-20_Images-100_Batch-1__random_9_operations_all.pth,random_9_operations,train,28,0.3491140361130238,0.8455952072143554,2024-07-13 12:27:21.366282,[None 'horizontal_flip' 'vertical_flip' 'rotation' 'transpose' 'elastic_transformation' 'grid_distortion' 'optical_distortion' 'color_transfer' 'inpainting']
ORCA_512x512__Size-512x512_Epoch-20_Images-100_Batch-1__random_9_operations_all.pth,random_9_operations,test,28,0.35055715426802636,0.834709243774414,2024-07-13 12:27:21.370370,[None 'horizontal_flip' 'vertical_flip' 'rotation' 'transpose' 'elastic_transformation' 'grid_distortion' 'optical_distortion' 'color_transfer' 'inpainting']
ORCA_512x512__Size-512x512_Epoch-20_Images-100_Batch-1__random_9_operations_all.pth,random_9_operations,train,29,0.3434403635561466,0.8491100692749023,2024-07-13 13:06:38.482136,[None 'horizontal_flip' 'vertical_flip' 'rotation' 'transpose' 'elastic_transformation' 'grid_distortion' 'optical_distortion' 'color_transfer' 'inpainting']
ORCA_512x512__Size-512x512_Epoch-20_Images-100_Batch-1__random_9_operations_all.pth,random_9_operations,test,29,0.3736127296090126,0.8229359436035156,2024-07-13 13:06:38.485137,[None 'horizontal_flip' 'vertical_flip' 'rotation' 'transpose' 'elastic_transformation' 'grid_distortion' 'optical_distortion' 'color_transfer' 'inpainting']
ORCA_512x512__Size-512x512_Epoch-30_Images-100_Batch-1__random_9_operations_all.pth,random_9_operations,train,30,0.368759635835886,0.8294033813476562,2024-07-13 13:45:36.658571,[None 'horizontal_flip' 'vertical_flip' 'rotation' 'transpose' 'elastic_transformation' 'grid_distortion' 'optical_distortion' 'color_transfer' 'inpainting']
ORCA_512x512__Size-512x512_Epoch-30_Images-100_Batch-1__random_9_operations_all.pth,random_9_operations,test,30,0.34459939509630205,0.8391227340698242,2024-07-13 13:45:36.673480,[None 'horizontal_flip' 'vertical_flip' 'rotation' 'transpose' 'elastic_transformation' 'grid_distortion' 'optical_distortion' 'color_transfer' 'inpainting']
ORCA_512x512__Size-512x512_Epoch-30_Images-100_Batch-1__random_9_operations_all.pth,random_9_operations,train,31,0.3568156053125858,0.8397138214111328,2024-07-13 14:25:23.226796,[None 'horizontal_flip' 'vertical_flip' 'rotation' 'transpose' 'elastic_transformation' 'grid_distortion' 'optical_distortion' 'color_transfer' 'inpainting']
ORCA_512x512__Size-512x512_Epoch-30_Images-100_Batch-1__random_9_operations_all.pth,random_9_operations,test,31,0.3491969121992588,0.8364304351806641,2024-07-13 14:25:23.229798,[None 'horizontal_flip' 'vertical_flip' 'rotation' 'transpose' 'elastic_transformation' 'grid_distortion' 'optical_distortion' 'color_transfer' 'inpainting']
ORCA_512x512__Size-512x512_Epoch-30_Images-100_Batch-1__random_9_operations_all.pth,random_9_operations,train,32,0.33979676380753515,0.8489037322998046,2024-07-13 15:04:14.094048,[None 'horizontal_flip' 'vertical_flip' 'rotation' 'transpose' 'elastic_transformation' 'grid_distortion' 'optical_distortion' 'color_transfer' 'inpainting']
ORCA_512x512__Size-512x512_Epoch-30_Images-100_Batch-1__random_9_operations_all.pth,random_9_operations,test,32,0.3511379753053188,0.834141845703125,2024-07-13 15:04:14.096045,[None 'horizontal_flip' 'vertical_flip' 'rotation' 'transpose' 'elastic_transformation' 'grid_distortion' 'optical_distortion' 'color_transfer' 'inpainting']
ORCA_512x512__Size-512x512_Epoch-30_Images-100_Batch-1__random_9_operations_all.pth,random_9_operations,train,33,0.365279780626297,0.8369413375854492,2024-07-13 15:43:45.188381,[None 'horizontal_flip' 'vertical_flip' 'rotation' 'transpose' 'elastic_transformation' 'grid_distortion' 'optical_distortion' 'color_transfer' 'inpainting']
ORCA_512x512__Size-512x512_Epoch-30_Images-100_Batch-1__random_9_operations_all.pth,random_9_operations,test,33,0.3528378191590309,0.8350107955932617,2024-07-13 15:43:45.191381,[None 'horizontal_flip' 'vertical_flip' 'rotation' 'transpose' 'elastic_transformation' 'grid_distortion' 'optical_distortion' 'color_transfer' 'inpainting']
ORCA_512x512__Size-512x512_Epoch-30_Images-100_Batch-1__random_9_operations_all.pth,random_9_operations,train,34,0.35614613085985186,0.8389422225952149,2024-07-13 16:22:15.564738,[None 'horizontal_flip' 'vertical_flip' 'rotation' 'transpose' 'elastic_transformation' 'grid_distortion' 'optical_distortion' 'color_transfer' 'inpainting']
ORCA_512x512__Size-512x512_Epoch-30_Images-100_Batch-1__random_9_operations_all.pth,random_9_operations,test,34,0.33490250080823897,0.8441246032714844,2024-07-13 16:22:15.567737,[None 'horizontal_flip' 'vertical_flip' 'rotation' 'transpose' 'elastic_transformation' 'grid_distortion' 'optical_distortion' 'color_transfer' 'inpainting']
ORCA_512x512__Size-512x512_Epoch-30_Images-100_Batch-1__random_9_operations_all.pth,random_9_operations,train,35,0.33908910542726517,0.8499386978149414,2024-07-13 17:01:24.642520,[None 'horizontal_flip' 'vertical_flip' 'rotation' 'transpose' 'elastic_transformation' 'grid_distortion' 'optical_distortion' 'color_transfer' 'inpainting']
ORCA_512x512__Size-512x512_Epoch-30_Images-100_Batch-1__random_9_operations_all.pth,random_9_operations,test,35,0.3371289178729057,0.8433044815063476,2024-07-13 17:01:24.644523,[None 'horizontal_flip' 'vertical_flip' 'rotation' 'transpose' 'elastic_transformation' 'grid_distortion' 'optical_distortion' 'color_transfer' 'inpainting']
ORCA_512x512__Size-512x512_Epoch-30_Images-100_Batch-1__random_9_operations_all.pth,random_9_operations,train,36,0.3486648127436638,0.8437384033203125,2024-07-13 17:40:30.302199,[None 'horizontal_flip' 'vertical_flip' 'rotation' 'transpose' 'elastic_transformation' 'grid_distortion' 'optical_distortion' 'color_transfer' 'inpainting']
ORCA_512x512__Size-512x512_Epoch-30_Images-100_Batch-1__random_9_operations_all.pth,random_9_operations,test,36,0.348437147885561,0.8368231582641602,2024-07-13 17:40:30.305181,[None 'horizontal_flip' 'vertical_flip' 'rotation' 'transpose' 'elastic_transformation' 'grid_distortion' 'optical_distortion' 'color_transfer' 'inpainting']
ORCA_512x512__Size-512x512_Epoch-30_Images-100_Batch-1__random_9_operations_all.pth,random_9_operations,train,37,0.340052447617054,0.8488664627075195,2024-07-13 18:19:32.801591,[None 'horizontal_flip' 'vertical_flip' 'rotation' 'transpose' 'elastic_transformation' 'grid_distortion' 'optical_distortion' 'color_transfer' 'inpainting']
ORCA_512x512__Size-512x512_Epoch-30_Images-100_Batch-1__random_9_operations_all.pth,random_9_operations,test,37,0.34238001361489295,0.841430549621582,2024-07-13 18:19:32.803591,[None 'horizontal_flip' 'vertical_flip' 'rotation' 'transpose' 'elastic_transformation' 'grid_distortion' 'optical_distortion' 'color_transfer' 'inpainting']
ORCA_512x512__Size-512x512_Epoch-30_Images-100_Batch-1__random_9_operations_all.pth,random_9_operations,train,38,0.343653222322464,0.8461134338378906,2024-07-13 18:59:11.177146,[None 'horizontal_flip' 'vertical_flip' 'rotation' 'transpose' 'elastic_transformation' 'grid_distortion' 'optical_distortion' 'color_transfer' 'inpainting']
ORCA_512x512__Size-512x512_Epoch-30_Images-100_Batch-1__random_9_operations_all.pth,random_9_operations,test,38,0.36210408627986906,0.8294706726074219,2024-07-13 18:59:11.179145,[None 'horizontal_flip' 'vertical_flip' 'rotation' 'transpose' 'elastic_transformation' 'grid_distortion' 'optical_distortion' 'color_transfer' 'inpainting']
ORCA_512x512__Size-512x512_Epoch-30_Images-100_Batch-1__random_9_operations_all.pth,random_9_operations,train,39,0.3391689316928387,0.8507082748413086,2024-07-13 19:38:11.921539,[None 'horizontal_flip' 'vertical_flip' 'rotation' 'transpose' 'elastic_transformation' 'grid_distortion' 'optical_distortion' 'color_transfer' 'inpainting']
ORCA_512x512__Size-512x512_Epoch-30_Images-100_Batch-1__random_9_operations_all.pth,random_9_operations,test,39,0.34320947095751764,0.8441948318481445,2024-07-13 19:38:11.923612,[None 'horizontal_flip' 'vertical_flip' 'rotation' 'transpose' 'elastic_transformation' 'grid_distortion' 'optical_distortion' 'color_transfer' 'inpainting']
ORCA_512x512__Size-512x512_Epoch-40_Images-100_Batch-1__random_9_operations_all.pth,random_9_operations,train,40,0.3339304049313068,0.8522964096069336,2024-07-13 20:16:40.537334,[None 'horizontal_flip' 'vertical_flip' 'rotation' 'transpose' 'elastic_transformation' 'grid_distortion' 'optical_distortion' 'color_transfer' 'inpainting']
ORCA_512x512__Size-512x512_Epoch-40_Images-100_Batch-1__random_9_operations_all.pth,random_9_operations,test,40,0.33157830342650413,0.8474260711669922,2024-07-13 20:16:40.539156,[None 'horizontal_flip' 'vertical_flip' 'rotation' 'transpose' 'elastic_transformation' 'grid_distortion' 'optical_distortion' 'color_transfer' 'inpainting']
ORCA_512x512__Size-512x512_Epoch-40_Images-100_Batch-1__random_9_operations_all.pth,random_9_operations,train,41,0.31528732538223264,0.8609372329711914,2024-07-13 20:57:37.391100,[None 'horizontal_flip' 'vertical_flip' 'rotation' 'transpose' 'elastic_transformation' 'grid_distortion' 'optical_distortion' 'color_transfer' 'inpainting']
ORCA_512x512__Size-512x512_Epoch-40_Images-100_Batch-1__random_9_operations_all.pth,random_9_operations,test,41,0.3425161294639111,0.8421578216552734,2024-07-13 20:57:37.393103,[None 'horizontal_flip' 'vertical_flip' 'rotation' 'transpose' 'elastic_transformation' 'grid_distortion' 'optical_distortion' 'color_transfer' 'inpainting']
ORCA_512x512__Size-512x512_Epoch-40_Images-100_Batch-1__random_9_operations_all.pth,random_9_operations,train,42,0.33425802081823347,0.8558729553222656,2024-07-13 21:36:27.446063,[None 'horizontal_flip' 'vertical_flip' 'rotation' 'transpose' 'elastic_transformation' 'grid_distortion' 'optical_distortion' 'color_transfer' 'inpainting']
ORCA_512x512__Size-512x512_Epoch-40_Images-100_Batch-1__random_9_operations_all.pth,random_9_operations,test,42,0.3451315625011921,0.8396011734008789,2024-07-13 21:36:27.449062,[None 'horizontal_flip' 'vertical_flip' 'rotation' 'transpose' 'elastic_transformation' 'grid_distortion' 'optical_distortion' 'color_transfer' 'inpainting']
ORCA_512x512__Size-512x512_Epoch-40_Images-100_Batch-1__random_9_operations_all.pth,random_9_operations,train,43,0.34139285892248156,0.8496414184570312,2024-07-13 22:16:18.796120,[None 'horizontal_flip' 'vertical_flip' 'rotation' 'transpose' 'elastic_transformation' 'grid_distortion' 'optical_distortion' 'color_transfer' 'inpainting']
ORCA_512x512__Size-512x512_Epoch-40_Images-100_Batch-1__random_9_operations_all.pth,random_9_operations,test,43,0.3496395370364189,0.8376416778564453,2024-07-13 22:16:18.799118,[None 'horizontal_flip' 'vertical_flip' 'rotation' 'transpose' 'elastic_transformation' 'grid_distortion' 'optical_distortion' 'color_transfer' 'inpainting']
ORCA_512x512__Size-512x512_Epoch-40_Images-100_Batch-1__random_9_operations_all.pth,random_9_operations,train,44,0.333547779917717,0.8522230911254883,2024-07-13 22:54:23.268604,[None 'horizontal_flip' 'vertical_flip' 'rotation' 'transpose' 'elastic_transformation' 'grid_distortion' 'optical_distortion' 'color_transfer' 'inpainting']
ORCA_512x512__Size-512x512_Epoch-40_Images-100_Batch-1__random_9_operations_all.pth,random_9_operations,test,44,0.3404403321444988,0.8412386322021485,2024-07-13 22:54:23.270619,[None 'horizontal_flip' 'vertical_flip' 'rotation' 'transpose' 'elastic_transformation' 'grid_distortion' 'optical_distortion' 'color_transfer' 'inpainting']
ORCA_512x512__Size-512x512_Epoch-40_Images-100_Batch-1__random_9_operations_all.pth,random_9_operations,train,45,0.33038037791848185,0.8545989227294922,2024-07-13 23:32:47.315288,[None 'horizontal_flip' 'vertical_flip' 'rotation' 'transpose' 'elastic_transformation' 'grid_distortion' 'optical_distortion' 'color_transfer' 'inpainting']
ORCA_512x512__Size-512x512_Epoch-40_Images-100_Batch-1__random_9_operations_all.pth,random_9_operations,test,45,0.3413934202492237,0.8412923812866211,2024-07-13 23:32:47.318286,[None 'horizontal_flip' 'vertical_flip' 'rotation' 'transpose' 'elastic_transformation' 'grid_distortion' 'optical_distortion' 'color_transfer' 'inpainting']
ORCA_512x512__Size-512x512_Epoch-40_Images-100_Batch-1__random_9_operations_all.pth,random_9_operations,train,46,0.3232276138663292,0.8579266738891601,2024-07-14 00:12:52.878884,[None 'horizontal_flip' 'vertical_flip' 'rotation' 'transpose' 'elastic_transformation' 'grid_distortion' 'optical_distortion' 'color_transfer' 'inpainting']
ORCA_512x512__Size-512x512_Epoch-40_Images-100_Batch-1__random_9_operations_all.pth,random_9_operations,test,46,0.3437843434512615,0.8402117538452148,2024-07-14 00:12:52.880974,[None 'horizontal_flip' 'vertical_flip' 'rotation' 'transpose' 'elastic_transformation' 'grid_distortion' 'optical_distortion' 'color_transfer' 'inpainting']
